defined_class	Marker_set_of	Minimal_markers	Brain_region_abbv	Species_abbv	Brain_region	Parent	FBeta_confidence_score
http://purl.obolibrary.org/obo/PCL_0052505	Mgl_4	ensembl:ENSG00000122862|ensembl:ENSG00000258667	Hsap	Human	HBA:4005	SO:0001260	0.7273391812865497
http://purl.obolibrary.org/obo/PCL_0052506	Mgl_5	ensembl:ENSG00000077420|ensembl:ENSG00000118271	Hsap	Human	HBA:4005	SO:0001260	0.6982942430703625
http://purl.obolibrary.org/obo/PCL_0052507	Mgl_6	ensembl:ENSG00000006747|ensembl:ENSG00000140678|ensembl:ENSG00000231535	Hsap	Human	HBA:4005	SO:0001260	0.34090909090909094
http://purl.obolibrary.org/obo/PCL_0052508	Mgl_7	ensembl:ENSG00000168329|ensembl:ENSG00000173391|ensembl:ENSG00000273409	Hsap	Human	HBA:4005	SO:0001260	0.23087071240105542
http://purl.obolibrary.org/obo/PCL_0052509	Mgl_8	ensembl:ENSG00000168329|ensembl:ENSG00000229140|ensembl:ENSG00000231131	Hsap	Human	HBA:4005	SO:0001260	0.5147058823529413
http://purl.obolibrary.org/obo/PCL_0052510	Mgl_9	ensembl:ENSG00000168329|ensembl:ENSG00000204472|ensembl:ENSG00000273409	Hsap	Human	HBA:4005	SO:0001260	0.34163987138263663
http://purl.obolibrary.org/obo/PCL_0052511	Mgl_10	ensembl:ENSG00000107099|ensembl:ENSG00000169313|ensembl:ENSG00000231131	Hsap	Human	HBA:4005	SO:0001260	0.1889736477115118
http://purl.obolibrary.org/obo/PCL_0052512	Mgl_11	ensembl:ENSG00000169313|ensembl:ENSG00000232591|ensembl:ENSG00000273409	Hsap	Human	HBA:4005	SO:0001260	0.2610619469026549
http://purl.obolibrary.org/obo/PCL_0052513	Mgl_12	ensembl:ENSG00000124491|ensembl:ENSG00000260314	Hsap	Human	HBA:4005	SO:0001260	0.7098765432098765
http://purl.obolibrary.org/obo/PCL_0052514	VendPLVAP_13	ensembl:ENSG00000130300	Hsap	Human	HBA:4005	SO:0001260	0.6698564593301435
http://purl.obolibrary.org/obo/PCL_0052515	VendAC_14	ensembl:ENSG00000010319|ensembl:ENSG00000180229	Hsap	Human	HBA:4005	SO:0001260	0.6017505470459519
http://purl.obolibrary.org/obo/PCL_0052516	VendC_15	ensembl:ENSG00000085276|ensembl:ENSG00000118777|ensembl:ENSG00000143341	Hsap	Human	HBA:4005	SO:0001260	0.5370905587668593
http://purl.obolibrary.org/obo/PCL_0052517	VendVC_16	ensembl:ENSG00000085276|ensembl:ENSG00000119121	Hsap	Human	HBA:4005	SO:0001260	0.5733618233618234
http://purl.obolibrary.org/obo/PCL_0052518	VendV_17	ensembl:ENSG00000115594|ensembl:ENSG00000122862	Hsap	Human	HBA:4005	SO:0001260	0.5928853754940712
http://purl.obolibrary.org/obo/PCL_0052519	VendA_18	ensembl:ENSG00000085276|ensembl:ENSG00000111341	Hsap	Human	HBA:4005	SO:0001260	0.690909090909091
http://purl.obolibrary.org/obo/PCL_0052520	Vsmc_19	ensembl:ENSG00000085276|ensembl:ENSG00000107796	Hsap	Human	HBA:4005	SO:0001260	0.42461005199306756
http://purl.obolibrary.org/obo/PCL_0052521	Vsmc_20	ensembl:ENSG00000107796|ensembl:ENSG00000149591	Hsap	Human	HBA:4005	SO:0001260	0.7009925558312655
http://purl.obolibrary.org/obo/PCL_0052522	Per_21	ensembl:ENSG00000111404|ensembl:ENSG00000185633	Hsap	Human	HBA:4005	SO:0001260	0.48640167364016723
http://purl.obolibrary.org/obo/PCL_0052523	Per_22	ensembl:ENSG00000173638|ensembl:ENSG00000249669	Hsap	Human	HBA:4005	SO:0001260	0.6019417475728155
http://purl.obolibrary.org/obo/PCL_0052524	Per_23	ensembl:ENSG00000010379|ensembl:ENSG00000106819|ensembl:ENSG00000111181	Hsap	Human	HBA:4005	SO:0001260	0.22058823529411764
http://purl.obolibrary.org/obo/PCL_0052525	Fbl_24	ensembl:ENSG00000112175|ensembl:ENSG00000112936	Hsap	Human	HBA:4005	SO:0001260	0.35279805352798044
http://purl.obolibrary.org/obo/PCL_0052526	Fbl_25	ensembl:ENSG00000112837|ensembl:ENSG00000119681	Hsap	Human	HBA:4005	SO:0001260	0.3941441441441441
http://purl.obolibrary.org/obo/PCL_0052527	Fbl_26	ensembl:ENSG00000163817|ensembl:ENSG00000204291	Hsap	Human	HBA:4005	SO:0001260	0.38175675675675663
http://purl.obolibrary.org/obo/PCL_0052528	Fbl_27	ensembl:ENSG00000094963|ensembl:ENSG00000141338|ensembl:ENSG00000249797	Hsap	Human	HBA:4005	SO:0001260	0.3890423572744015
http://purl.obolibrary.org/obo/PCL_0052529	Fbl_28	ensembl:ENSG00000112936|ensembl:ENSG00000163520|ensembl:ENSG00000164692	Hsap	Human	HBA:4005	SO:0001260	0.3356481481481481
http://purl.obolibrary.org/obo/PCL_0052530	Fbl_29	ensembl:ENSG00000117394|ensembl:ENSG00000138696|ensembl:ENSG00000221818	Hsap	Human	HBA:4005	SO:0001260	0.7096774193548385
http://purl.obolibrary.org/obo/PCL_0052531	Fbl_30	ensembl:ENSG00000105641|ensembl:ENSG00000271945	Hsap	Human	HBA:4005	SO:0001260	0.6222222222222221
http://purl.obolibrary.org/obo/PCL_0052532	Fbl_31	ensembl:ENSG00000168229|ensembl:ENSG00000173068	Hsap	Human	HBA:4005	SO:0001260	0.7681940700808627
http://purl.obolibrary.org/obo/PCL_0052533	OPC_32	ensembl:ENSG00000117501|ensembl:ENSG00000231424	Hsap	Human	HBA:4005	SO:0001260	0.7894736842105263
http://purl.obolibrary.org/obo/PCL_0052534	OPC_33	ensembl:ENSG00000184221|ensembl:ENSG00000189058|ensembl:ENSG00000231424	Hsap	Human	HBA:4005	SO:0001260	0.26346604215456676
http://purl.obolibrary.org/obo/PCL_0052535	OPC_34	ensembl:ENSG00000184221|ensembl:ENSG00000278254|ensembl:ENSG00000286778	Hsap	Human	HBA:4005	SO:0001260	0.26271753681392235
http://purl.obolibrary.org/obo/PCL_0052536	OPC_35	ensembl:ENSG00000184221|ensembl:ENSG00000224184|ensembl:ENSG00000278254	Hsap	Human	HBA:4005	SO:0001260	0.36042944785276076
http://purl.obolibrary.org/obo/PCL_0052537	OPC_36	ensembl:ENSG00000253877|ensembl:ENSG00000278254	Hsap	Human	HBA:4005	SO:0001260	0.6752873563218389
http://purl.obolibrary.org/obo/PCL_0052538	COP_37	ensembl:ENSG00000064787|ensembl:ENSG00000116132|ensembl:ENSG00000144230	Hsap	Human	HBA:4005	SO:0001260	0.6654929577464789
http://purl.obolibrary.org/obo/PCL_0052539	COP_38	ensembl:ENSG00000064787|ensembl:ENSG00000236494	Hsap	Human	HBA:4005	SO:0001260	0.7195481335952849
http://purl.obolibrary.org/obo/PCL_0052540	COP_39	ensembl:ENSG00000091513|ensembl:ENSG00000268518	Hsap	Human	HBA:4005	SO:0001260	0.4294478527607362
http://purl.obolibrary.org/obo/PCL_0052541	Oligo_40	ensembl:ENSG00000123560|ensembl:ENSG00000178568|ensembl:ENSG00000197430	Hsap	Human	HBA:4005	SO:0001260	0.19558214450069028
http://purl.obolibrary.org/obo/PCL_0052542	COP_41	ensembl:ENSG00000197430|ensembl:ENSG00000227088	Hsap	Human	HBA:4005	SO:0001260	0.08468717594192882
http://purl.obolibrary.org/obo/PCL_0052543	COP_42	ensembl:ENSG00000150656|ensembl:ENSG00000162631|ensembl:ENSG00000253877	Hsap	Human	HBA:4005	SO:0001260	0.25704225352112675
http://purl.obolibrary.org/obo/PCL_0052544	COP_43	ensembl:ENSG00000158865|ensembl:ENSG00000168314	Hsap	Human	HBA:4005	SO:0001260	0.11043700824722726
http://purl.obolibrary.org/obo/PCL_0052545	Oligo_44	ensembl:ENSG00000011426|ensembl:ENSG00000091513|ensembl:ENSG00000158865|ensembl:ENSG00000168314|ensembl:ENSG00000172508	Hsap	Human	HBA:4005	SO:0001260	0.22626112759643918
http://purl.obolibrary.org/obo/PCL_0052546	Oligo_45	ensembl:ENSG00000158865|ensembl:ENSG00000167123|ensembl:ENSG00000168314|ensembl:ENSG00000197430	Hsap	Human	HBA:4005	SO:0001260	0.23277467411545621
http://purl.obolibrary.org/obo/PCL_0052547	Oligo_46	ensembl:ENSG00000129538|ensembl:ENSG00000150656|ensembl:ENSG00000253877	Hsap	Human	HBA:4005	SO:0001260	0.17626827171109202
http://purl.obolibrary.org/obo/PCL_0052548	Oligo_47	ensembl:ENSG00000123560|ensembl:ENSG00000197430|ensembl:ENSG00000253877	Hsap	Human	HBA:4005	SO:0001260	0.14685792349726776
http://purl.obolibrary.org/obo/PCL_0052549	Oligo_48	ensembl:ENSG00000197430|ensembl:ENSG00000287069	Hsap	Human	HBA:4005	SO:0001260	0.6759259259259258
http://purl.obolibrary.org/obo/PCL_0052550	Oligo_49	ensembl:ENSG00000091513|ensembl:ENSG00000109846|ensembl:ENSG00000158865|ensembl:ENSG00000172508|ensembl:ENSG00000227088	Hsap	Human	HBA:4005	SO:0001260	0.41883116883116883
http://purl.obolibrary.org/obo/PCL_0052551	Oligo_50	ensembl:ENSG00000158865|ensembl:ENSG00000259104	Hsap	Human	HBA:4005	SO:0001260	0.8675166297117516
http://purl.obolibrary.org/obo/PCL_0052553	Astro_52	ensembl:ENSG00000080573|ensembl:ENSG00000279082	Hsap	Human	HBA:4005	SO:0001260	0.49010791366906475
http://purl.obolibrary.org/obo/PCL_0052554	Astro_53	ensembl:ENSG00000080573|ensembl:ENSG00000106571	Hsap	Human	HBA:4005	SO:0001260	0.4132443531827516
http://purl.obolibrary.org/obo/PCL_0052555	Astro_54	ensembl:ENSG00000106571|ensembl:ENSG00000164089|ensembl:ENSG00000234377|ensembl:ENSG00000251165	Hsap	Human	HBA:4005	SO:0001260	0.22321428571428573
http://purl.obolibrary.org/obo/PCL_0052556	Astro_55	ensembl:ENSG00000068078|ensembl:ENSG00000156076|ensembl:ENSG00000172987	Hsap	Human	HBA:4005	SO:0001260	0.47752808988764045
http://purl.obolibrary.org/obo/PCL_0052557	Astro_56	ensembl:ENSG00000041982|ensembl:ENSG00000179399|ensembl:ENSG00000234377	Hsap	Human	HBA:4005	SO:0001260	0.09486780715396578
http://purl.obolibrary.org/obo/PCL_0052558	Astro_57	ensembl:ENSG00000041982|ensembl:ENSG00000068078|ensembl:ENSG00000234377|ensembl:ENSG00000257585|ensembl:ENSG00000286757	Hsap	Human	HBA:4005	SO:0001260	0.34149484536082475
http://purl.obolibrary.org/obo/PCL_0052559	Astro_58	ensembl:ENSG00000068078|ensembl:ENSG00000117318|ensembl:ENSG00000251372	Hsap	Human	HBA:4005	SO:0001260	0.3069053708439898
http://purl.obolibrary.org/obo/PCL_0052560	Astro_59	ensembl:ENSG00000133067|ensembl:ENSG00000172987|ensembl:ENSG00000180347|ensembl:ENSG00000234377	Hsap	Human	HBA:4005	SO:0001260	0.5172413793103449
http://purl.obolibrary.org/obo/PCL_0052561	Astro_60	ensembl:ENSG00000041982|ensembl:ENSG00000130203|ensembl:ENSG00000136160|ensembl:ENSG00000251372	Hsap	Human	HBA:4005	SO:0001260	0.23268398268398272
http://purl.obolibrary.org/obo/PCL_0052562	Astro_61	ensembl:ENSG00000131095|ensembl:ENSG00000240583|ensembl:ENSG00000258844	Hsap	Human	HBA:4005	SO:0001260	0.33571428571428574
http://purl.obolibrary.org/obo/PCL_0052563	Astro_62	ensembl:ENSG00000041982|ensembl:ENSG00000130203|ensembl:ENSG00000280809	Hsap	Human	HBA:4005	SO:0001260	0.25756143667296794
http://purl.obolibrary.org/obo/PCL_0052564	Astro_63	ensembl:ENSG00000109846|ensembl:ENSG00000131095	Hsap	Human	HBA:4005	SO:0001260	0.2770083102493075
http://purl.obolibrary.org/obo/PCL_0052565	Astro_64	ensembl:ENSG00000250602|ensembl:ENSG00000287406	Hsap	Human	HBA:4005	SO:0001260	0.8278795811518325
http://purl.obolibrary.org/obo/PCL_0052566	Epen_65	ensembl:ENSG00000041982|ensembl:ENSG00000068078|ensembl:ENSG00000197057	Hsap	Human	HBA:4005	SO:0001260	0.4427083333333333
http://purl.obolibrary.org/obo/PCL_0052567	Epen_66	ensembl:ENSG00000133636|ensembl:ENSG00000231557	Hsap	Human	HBA:4005	SO:0001260	0.2304032056098172
http://purl.obolibrary.org/obo/PCL_0052568	Epen_67	ensembl:ENSG00000180264|ensembl:ENSG00000197057|ensembl:ENSG00000234377	Hsap	Human	HBA:4005	SO:0001260	0.3925304878048781
http://purl.obolibrary.org/obo/PCL_0052569	Epen_68	ensembl:ENSG00000105519|ensembl:ENSG00000197171|ensembl:ENSG00000213145	Hsap	Human	HBA:4005	SO:0001260	0.5066250974279034
http://purl.obolibrary.org/obo/PCL_0052570	Epen_69	ensembl:ENSG00000105519|ensembl:ENSG00000231557|ensembl:ENSG00000287544	Hsap	Human	HBA:4005	SO:0001260	0.4006410256410256
http://purl.obolibrary.org/obo/PCL_0052571	Epen_70	ensembl:ENSG00000175318|ensembl:ENSG00000186439|ensembl:ENSG00000197171	Hsap	Human	HBA:4005	SO:0001260	0.23326572008113589
http://purl.obolibrary.org/obo/PCL_0052572	Epen_71	ensembl:ENSG00000164023|ensembl:ENSG00000197057	Hsap	Human	HBA:4005	SO:0001260	0.5294585987261147
http://purl.obolibrary.org/obo/PCL_0052573	Epen_72	ensembl:ENSG00000197171|ensembl:ENSG00000283117|ensembl:ENSG00000287544	Hsap	Human	HBA:4005	SO:0001260	0.22300469483568075
http://purl.obolibrary.org/obo/PCL_0052574	Epen_73	ensembl:ENSG00000231557|ensembl:ENSG00000231918|ensembl:ENSG00000287544	Hsap	Human	HBA:4005	SO:0001260	0.4033430232558139
http://purl.obolibrary.org/obo/PCL_0052575	Epen_74	ensembl:ENSG00000118271|ensembl:ENSG00000197057	Hsap	Human	HBA:4005	SO:0001260	0.696064139941691
http://purl.obolibrary.org/obo/PCL_0052576	COP_75	ensembl:ENSG00000110195|ensembl:ENSG00000223953	Hsap	Human	HBA:4005	SO:0001260	0.4710144927536232
http://purl.obolibrary.org/obo/PCL_0052577	Chrp_76	ensembl:ENSG00000123560|ensembl:ENSG00000147488|ensembl:ENSG00000248550|ensembl:ENSG00000258312	Hsap	Human	HBA:4005	SO:0001260	0.45945945945945954
http://purl.obolibrary.org/obo/PCL_0052578	Chrp_77	ensembl:ENSG00000110195|ensembl:ENSG00000132386|ensembl:ENSG00000258312	Hsap	Human	HBA:4005	SO:0001260	0.3153846153846154
http://purl.obolibrary.org/obo/PCL_0052579	Chrp_78	ensembl:ENSG00000110777|ensembl:ENSG00000112297|ensembl:ENSG00000251170	Hsap	Human	HBA:4005	SO:0001260	0.32568565400843885
http://purl.obolibrary.org/obo/PCL_0052580	Chrp_79	ensembl:ENSG00000110777|ensembl:ENSG00000111199|ensembl:ENSG00000198691	Hsap	Human	HBA:4005	SO:0001260	0.2393000210837023
http://purl.obolibrary.org/obo/PCL_0052581	Chrp_80	ensembl:ENSG00000153976|ensembl:ENSG00000258312	Hsap	Human	HBA:4005	SO:0001260	0.4718959731543625
http://purl.obolibrary.org/obo/PCL_0052582	Chrp_81	ensembl:ENSG00000158104|ensembl:ENSG00000223953	Hsap	Human	HBA:4005	SO:0001260	0.3113266583229036
http://purl.obolibrary.org/obo/PCL_0052583	Chrp_82	ensembl:ENSG00000118271|ensembl:ENSG00000136235	Hsap	Human	HBA:4005	SO:0001260	0.43175487465181056
http://purl.obolibrary.org/obo/PCL_0052584	DLNP_83	ensembl:ENSG00000230096	Hsap	Human	HBA:4005	SO:0001260	0.7401315789473684
http://purl.obolibrary.org/obo/PCL_0052585	DLCT6b_84	ensembl:ENSG00000133110|ensembl:ENSG00000172139|ensembl:ENSG00000197085	Hsap	Human	HBA:4005	SO:0001260	0.5373303167420815
http://purl.obolibrary.org/obo/PCL_0052586	DLNP_85	ensembl:ENSG00000169836|ensembl:ENSG00000231304|ensembl:ENSG00000253868	Hsap	Human	HBA:4005	SO:0001260	0.5516194331983807
http://purl.obolibrary.org/obo/PCL_0052587	DLNP_86	ensembl:ENSG00000120907|ensembl:ENSG00000162407|ensembl:ENSG00000196090|ensembl:ENSG00000255733	Hsap	Human	HBA:4005	SO:0001260	0.44719827586206895
http://purl.obolibrary.org/obo/PCL_0052588	DLNP_87	ensembl:ENSG00000112280|ensembl:ENSG00000172139|ensembl:ENSG00000187258|ensembl:ENSG00000287907	Hsap	Human	HBA:4005	SO:0001260	0.32945736434108525
http://purl.obolibrary.org/obo/PCL_0052589	DLNP_88	ensembl:ENSG00000135218|ensembl:ENSG00000187258|ensembl:ENSG00000255733|ensembl:ENSG00000287907	Hsap	Human	HBA:4005	SO:0001260	0.41005291005291006
http://purl.obolibrary.org/obo/PCL_0052590	DLNP_89	ensembl:ENSG00000197085|ensembl:ENSG00000251002|ensembl:ENSG00000287159	Hsap	Human	HBA:4005	SO:0001260	0.5046583850931677
http://purl.obolibrary.org/obo/PCL_0052591	DLNP_90	ensembl:ENSG00000249881|ensembl:ENSG00000251002|ensembl:ENSG00000255733	Hsap	Human	HBA:4005	SO:0001260	0.4537037037037037
http://purl.obolibrary.org/obo/PCL_0052592	DLNP_91	ensembl:ENSG00000132274|ensembl:ENSG00000206531|ensembl:ENSG00000241956|ensembl:ENSG00000253693	Hsap	Human	HBA:4005	SO:0001260	0.2933282208588957
http://purl.obolibrary.org/obo/PCL_0052593	DLNP_92	ensembl:ENSG00000170820|ensembl:ENSG00000249881|ensembl:ENSG00000275649	Hsap	Human	HBA:4005	SO:0001260	0.3708791208791209
http://purl.obolibrary.org/obo/PCL_0052594	DLNP_93	ensembl:ENSG00000144227|ensembl:ENSG00000185483|ensembl:ENSG00000249881|ensembl:ENSG00000255733	Hsap	Human	HBA:4005	SO:0001260	0.2205882352941177
http://purl.obolibrary.org/obo/PCL_0052595	DLNP_94	ensembl:ENSG00000154134|ensembl:ENSG00000206531|ensembl:ENSG00000287424|ensembl:ENSG00000287907	Hsap	Human	HBA:4005	SO:0001260	0.3309692671394799
http://purl.obolibrary.org/obo/PCL_0052596	DLNP_95	ensembl:ENSG00000141052|ensembl:ENSG00000170820|ensembl:ENSG00000197085|ensembl:ENSG00000261436	Hsap	Human	HBA:4005	SO:0001260	0.42151162790697666
http://purl.obolibrary.org/obo/PCL_0052597	DLNP_96	ensembl:ENSG00000149948|ensembl:ENSG00000239440	Hsap	Human	HBA:4005	SO:0001260	0.5230769230769231
http://purl.obolibrary.org/obo/PCL_0052598	DLCT6b_97	ensembl:ENSG00000138472|ensembl:ENSG00000254361	Hsap	Human	HBA:4005	SO:0001260	0.7081807081807081
http://purl.obolibrary.org/obo/PCL_0052599	DLCT6b_98	ensembl:ENSG00000139880|ensembl:ENSG00000157554|ensembl:ENSG00000164136	Hsap	Human	HBA:4005	SO:0001260	0.6092057761732853
http://purl.obolibrary.org/obo/PCL_0052600	DLCT6b_99	ensembl:ENSG00000164142|ensembl:ENSG00000197635|ensembl:ENSG00000259846	Hsap	Human	HBA:4005	SO:0001260	0.38696060037523444
http://purl.obolibrary.org/obo/PCL_0052601	DLCT6b_100	ensembl:ENSG00000112902|ensembl:ENSG00000137573|ensembl:ENSG00000171509|ensembl:ENSG00000250125	Hsap	Human	HBA:4005	SO:0001260	0.4216507177033493
http://purl.obolibrary.org/obo/PCL_0052602	DLCT6b_101	ensembl:ENSG00000237928|ensembl:ENSG00000259846|ensembl:ENSG00000288016	Hsap	Human	HBA:4005	SO:0001260	0.49857549857549854
http://purl.obolibrary.org/obo/PCL_0052603	DLCT6b_102	ensembl:ENSG00000178031|ensembl:ENSG00000225539|ensembl:ENSG00000225649|ensembl:ENSG00000259846	Hsap	Human	HBA:4005	SO:0001260	0.510752688172043
http://purl.obolibrary.org/obo/PCL_0052604	DLCT6b_103	ensembl:ENSG00000116711|ensembl:ENSG00000118523|ensembl:ENSG00000259846	Hsap	Human	HBA:4005	SO:0001260	0.5304276315789475
http://purl.obolibrary.org/obo/PCL_0052605	DLCT6b_104	ensembl:ENSG00000132274|ensembl:ENSG00000259846	Hsap	Human	HBA:4005	SO:0001260	0.576036866359447
http://purl.obolibrary.org/obo/PCL_0052606	DLCT6b_105	ensembl:ENSG00000118523|ensembl:ENSG00000233423|ensembl:ENSG00000233882	Hsap	Human	HBA:4005	SO:0001260	0.4606681034482759
http://purl.obolibrary.org/obo/PCL_0052607	DLCT6b_106	ensembl:ENSG00000151617|ensembl:ENSG00000249429|ensembl:ENSG00000288004	Hsap	Human	HBA:4005	SO:0001260	0.55103550295858
http://purl.obolibrary.org/obo/PCL_0052608	DLCT6b_107	ensembl:ENSG00000134207|ensembl:ENSG00000137809	Hsap	Human	HBA:4005	SO:0001260	0.7285031847133757
http://purl.obolibrary.org/obo/PCL_0052609	DLCT6b_108	ensembl:ENSG00000170381|ensembl:ENSG00000178031|ensembl:ENSG00000225539|ensembl:ENSG00000249881|ensembl:ENSG00000254092	Hsap	Human	HBA:4005	SO:0001260	0.3262362637362637
http://purl.obolibrary.org/obo/PCL_0052610	DLCT6b_109	ensembl:ENSG00000225539|ensembl:ENSG00000228358|ensembl:ENSG00000239498|ensembl:ENSG00000253199|ensembl:ENSG00000254092	Hsap	Human	HBA:4005	SO:0001260	0.2567675159235669
http://purl.obolibrary.org/obo/PCL_0052611	DLCT6b_110	ensembl:ENSG00000105974|ensembl:ENSG00000132274|ensembl:ENSG00000137573|ensembl:ENSG00000286481	Hsap	Human	HBA:4005	SO:0001260	0.5051369863013698
http://purl.obolibrary.org/obo/PCL_0052612	DLCT6b_111	ensembl:ENSG00000137573|ensembl:ENSG00000164616|ensembl:ENSG00000224982|ensembl:ENSG00000268089	Hsap	Human	HBA:4005	SO:0001260	0.5448717948717948
http://purl.obolibrary.org/obo/PCL_0052613	DLCT6b_112	ensembl:ENSG00000137573|ensembl:ENSG00000235531|ensembl:ENSG00000259846	Hsap	Human	HBA:4005	SO:0001260	0.38636363636363635
http://purl.obolibrary.org/obo/PCL_0052616	L5ET_115	ensembl:ENSG00000126545|ensembl:ENSG00000229807	Hsap	Human	HBA:4005	SO:0001260	0.6842105263157896
http://purl.obolibrary.org/obo/PCL_0052620	CA13_119	ensembl:ENSG00000259417|ensembl:ENSG00000283384	Hsap	Human	HBA:4005	SO:0001260	0.7757352941176471
http://purl.obolibrary.org/obo/PCL_0052621	ULIT_120	ensembl:ENSG00000065325|ensembl:ENSG00000075223|ensembl:ENSG00000137672|ensembl:ENSG00000236922	Hsap	Human	HBA:4005	SO:0001260	0.3560371517027863
http://purl.obolibrary.org/obo/PCL_0052622	ULIT_121	ensembl:ENSG00000125869|ensembl:ENSG00000139865|ensembl:ENSG00000215559|ensembl:ENSG00000229618|ensembl:ENSG00000255595	Hsap	Human	HBA:4005	SO:0001260	0.37234042553191493
http://purl.obolibrary.org/obo/PCL_0052623	ULIT_122	ensembl:ENSG00000170962|ensembl:ENSG00000256193|ensembl:ENSG00000258583	Hsap	Human	HBA:4005	SO:0001260	0.4526869158878504
http://purl.obolibrary.org/obo/PCL_0052624	ULIT_123	ensembl:ENSG00000170962|ensembl:ENSG00000224271|ensembl:ENSG00000228358|ensembl:ENSG00000257986	Hsap	Human	HBA:4005	SO:0001260	0.30027173913043476
http://purl.obolibrary.org/obo/PCL_0052625	ULIT_124	ensembl:ENSG00000250137|ensembl:ENSG00000256971|ensembl:ENSG00000257986|ensembl:ENSG00000287474	Hsap	Human	HBA:4005	SO:0001260	0.3533878504672897
http://purl.obolibrary.org/obo/PCL_0052626	ULIT_125	ensembl:ENSG00000232973|ensembl:ENSG00000248673|ensembl:ENSG00000257986|ensembl:ENSG00000287474	Hsap	Human	HBA:4005	SO:0001260	0.26032702237521516
http://purl.obolibrary.org/obo/PCL_0052627	ULIT_126	ensembl:ENSG00000229425|ensembl:ENSG00000288016|ensembl:ENSG00000288102	Hsap	Human	HBA:4005	SO:0001260	0.4145244215938303
http://purl.obolibrary.org/obo/PCL_0052628	ULIT_127	ensembl:ENSG00000227835|ensembl:ENSG00000229425|ensembl:ENSG00000288016	Hsap	Human	HBA:4005	SO:0001260	0.5408388520971301
http://purl.obolibrary.org/obo/PCL_0052629	ULIT_128	ensembl:ENSG00000196569|ensembl:ENSG00000204262|ensembl:ENSG00000254101|ensembl:ENSG00000287149	Hsap	Human	HBA:4005	SO:0001260	0.47997237569060774
http://purl.obolibrary.org/obo/PCL_0052630	ULIT_129	ensembl:ENSG00000231023|ensembl:ENSG00000249429|ensembl:ENSG00000258859	Hsap	Human	HBA:4005	SO:0001260	0.43918918918918914
http://purl.obolibrary.org/obo/PCL_0052631	ULIT_130	ensembl:ENSG00000204262|ensembl:ENSG00000224271|ensembl:ENSG00000258859|ensembl:ENSG00000287677	Hsap	Human	HBA:4005	SO:0001260	0.3368055555555556
http://purl.obolibrary.org/obo/PCL_0052632	ULIT_131	ensembl:ENSG00000224271|ensembl:ENSG00000233005|ensembl:ENSG00000257986	Hsap	Human	HBA:4005	SO:0001260	0.5802180685358255
http://purl.obolibrary.org/obo/PCL_0052634	ULIT_133	ensembl:ENSG00000106536|ensembl:ENSG00000138741|ensembl:ENSG00000140470|ensembl:ENSG00000198963	Hsap	Human	HBA:4005	SO:0001260	0.561377245508982
http://purl.obolibrary.org/obo/PCL_0052635	ULIT_134	ensembl:ENSG00000106018|ensembl:ENSG00000249881|ensembl:ENSG00000286312	Hsap	Human	HBA:4005	SO:0001260	0.5213903743315508
http://purl.obolibrary.org/obo/PCL_0052636	ULIT_135	ensembl:ENSG00000169436|ensembl:ENSG00000223812|ensembl:ENSG00000259048	Hsap	Human	HBA:4005	SO:0001260	0.45223577235772355
http://purl.obolibrary.org/obo/PCL_0052637	DLIT_136	ensembl:ENSG00000256995|ensembl:ENSG00000287989	Hsap	Human	HBA:4005	SO:0001260	0.49999999999999994
http://purl.obolibrary.org/obo/PCL_0052638	DLIT_137	ensembl:ENSG00000248431|ensembl:ENSG00000250974|ensembl:ENSG00000287176	Hsap	Human	HBA:4005	SO:0001260	0.5751811594202898
http://purl.obolibrary.org/obo/PCL_0052639	ULIT_138	ensembl:ENSG00000257986|ensembl:ENSG00000287172|ensembl:ENSG00000287989	Hsap	Human	HBA:4005	SO:0001260	0.6065573770491802
http://purl.obolibrary.org/obo/PCL_0052640	DLIT_139	ensembl:ENSG00000248431|ensembl:ENSG00000250723	Hsap	Human	HBA:4005	SO:0001260	0.4672897196261682
http://purl.obolibrary.org/obo/PCL_0052641	DLIT_140	ensembl:ENSG00000228358|ensembl:ENSG00000249881|ensembl:ENSG00000250723|ensembl:ENSG00000287172	Hsap	Human	HBA:4005	SO:0001260	0.5511811023622046
http://purl.obolibrary.org/obo/PCL_0052642	DLIT_141	ensembl:ENSG00000168743|ensembl:ENSG00000198963|ensembl:ENSG00000287172|ensembl:ENSG00000287424	Hsap	Human	HBA:4005	SO:0001260	0.668103448275862
http://purl.obolibrary.org/obo/PCL_0052643	DLIT_142	ensembl:ENSG00000172673|ensembl:ENSG00000253693|ensembl:ENSG00000287176	Hsap	Human	HBA:4005	SO:0001260	0.4746835443037975
http://purl.obolibrary.org/obo/PCL_0052644	DLIT_143	ensembl:ENSG00000170293|ensembl:ENSG00000225539|ensembl:ENSG00000248431	Hsap	Human	HBA:4005	SO:0001260	0.4532967032967033
http://purl.obolibrary.org/obo/PCL_0052645	DLIT_144	ensembl:ENSG00000228358|ensembl:ENSG00000248431|ensembl:ENSG00000287092|ensembl:ENSG00000287172	Hsap	Human	HBA:4005	SO:0001260	0.48250564334085777
http://purl.obolibrary.org/obo/PCL_0052646	DLIT_145	ensembl:ENSG00000189292|ensembl:ENSG00000229425|ensembl:ENSG00000253434	Hsap	Human	HBA:4005	SO:0001260	0.50764192139738
http://purl.obolibrary.org/obo/PCL_0052647	DLIT_146	ensembl:ENSG00000141668|ensembl:ENSG00000145536|ensembl:ENSG00000164616|ensembl:ENSG00000172554	Hsap	Human	HBA:4005	SO:0001260	0.5159395973154363
http://purl.obolibrary.org/obo/PCL_0052648	DLIT_147	ensembl:ENSG00000104415|ensembl:ENSG00000255595	Hsap	Human	HBA:4005	SO:0001260	0.48437500000000006
http://purl.obolibrary.org/obo/PCL_0052649	DLIT_148	ensembl:ENSG00000005059|ensembl:ENSG00000106536|ensembl:ENSG00000156140	Hsap	Human	HBA:4005	SO:0001260	0.47732696897374705
http://purl.obolibrary.org/obo/PCL_0052650	DLIT_149	ensembl:ENSG00000135426|ensembl:ENSG00000172673|ensembl:ENSG00000224271|ensembl:ENSG00000226620|ensembl:ENSG00000251205	Hsap	Human	HBA:4005	SO:0001260	0.4653284671532847
http://purl.obolibrary.org/obo/PCL_0052651	DLIT_150	ensembl:ENSG00000133110|ensembl:ENSG00000172673|ensembl:ENSG00000172987	Hsap	Human	HBA:4005	SO:0001260	0.6781914893617021
http://purl.obolibrary.org/obo/PCL_0052652	DLIT_151	ensembl:ENSG00000206190|ensembl:ENSG00000286679	Hsap	Human	HBA:4005	SO:0001260	0.6021341463414634
http://purl.obolibrary.org/obo/PCL_0052653	DLIT_152	ensembl:ENSG00000116711|ensembl:ENSG00000152953	Hsap	Human	HBA:4005	SO:0001260	0.5054151624548736
http://purl.obolibrary.org/obo/PCL_0052654	Amex_153	ensembl:ENSG00000150722|ensembl:ENSG00000253868|ensembl:ENSG00000287907	Hsap	Human	HBA:4005	SO:0001260	0.4405444126074499
http://purl.obolibrary.org/obo/PCL_0052655	Amex_154	ensembl:ENSG00000050628|ensembl:ENSG00000164935|ensembl:ENSG00000223930|ensembl:ENSG00000287880	Hsap	Human	HBA:4005	SO:0001260	0.3795379537953795
http://purl.obolibrary.org/obo/PCL_0052656	Amex_155	ensembl:ENSG00000287176|ensembl:ENSG00000287880|ensembl:ENSG00000287907	Hsap	Human	HBA:4005	SO:0001260	0.5759803921568628
http://purl.obolibrary.org/obo/PCL_0052657	Amex_156	ensembl:ENSG00000079931|ensembl:ENSG00000169836|ensembl:ENSG00000283445|ensembl:ENSG00000287277	Hsap	Human	HBA:4005	SO:0001260	0.3896604938271605
http://purl.obolibrary.org/obo/PCL_0052658	Amex_157	ensembl:ENSG00000042832|ensembl:ENSG00000053747|ensembl:ENSG00000287277	Hsap	Human	HBA:4005	SO:0001260	0.30946601941747576
http://purl.obolibrary.org/obo/PCL_0052659	Amex_158	ensembl:ENSG00000056291|ensembl:ENSG00000169836|ensembl:ENSG00000187260	Hsap	Human	HBA:4005	SO:0001260	0.32632743362831856
http://purl.obolibrary.org/obo/PCL_0052660	Amex_159	ensembl:ENSG00000064989|ensembl:ENSG00000133110|ensembl:ENSG00000225539	Hsap	Human	HBA:4005	SO:0001260	0.44554455445544555
http://purl.obolibrary.org/obo/PCL_0052661	Amex_160	ensembl:ENSG00000050628|ensembl:ENSG00000056291|ensembl:ENSG00000153404|ensembl:ENSG00000235531	Hsap	Human	HBA:4005	SO:0001260	0.5798969072164949
http://purl.obolibrary.org/obo/PCL_0052662	Amex_161	ensembl:ENSG00000042832|ensembl:ENSG00000152595|ensembl:ENSG00000171643	Hsap	Human	HBA:4005	SO:0001260	0.45502092050209203
http://purl.obolibrary.org/obo/PCL_0052663	Amex_162	ensembl:ENSG00000133110|ensembl:ENSG00000183287|ensembl:ENSG00000233005	Hsap	Human	HBA:4005	SO:0001260	0.6071428571428572
http://purl.obolibrary.org/obo/PCL_0052664	CA13_163	ensembl:ENSG00000133110|ensembl:ENSG00000232667	Hsap	Human	HBA:4005	SO:0001260	0.6134686346863469
http://purl.obolibrary.org/obo/PCL_0052670	CA13_169	ensembl:ENSG00000115232|ensembl:ENSG00000224271	Hsap	Human	HBA:4005	SO:0001260	0.3732227488151659
http://purl.obolibrary.org/obo/PCL_0052672	Amex_171	ensembl:ENSG00000226383|ensembl:ENSG00000249743|ensembl:ENSG00000259048	Hsap	Human	HBA:4005	SO:0001260	0.6710526315789473
http://purl.obolibrary.org/obo/PCL_0052673	Amex_172	ensembl:ENSG00000106113|ensembl:ENSG00000249743|ensembl:ENSG00000254101|ensembl:ENSG00000284418	Hsap	Human	HBA:4005	SO:0001260	0.6528662420382166
http://purl.obolibrary.org/obo/PCL_0052674	Amex_173	ensembl:ENSG00000237844|ensembl:ENSG00000249743	Hsap	Human	HBA:4005	SO:0001260	0.77577045696068
http://purl.obolibrary.org/obo/PCL_0052675	Amex_174	ensembl:ENSG00000227712|ensembl:ENSG00000249743|ensembl:ENSG00000253868	Hsap	Human	HBA:4005	SO:0001260	0.3326023391812865
http://purl.obolibrary.org/obo/PCL_0052676	Amex_175	ensembl:ENSG00000235160|ensembl:ENSG00000283384	Hsap	Human	HBA:4005	SO:0001260	0.5830903790087463
http://purl.obolibrary.org/obo/PCL_0052680	CA13_179	ensembl:ENSG00000171502|ensembl:ENSG00000204262|ensembl:ENSG00000230333	Hsap	Human	HBA:4005	SO:0001260	0.09183673469387754
http://purl.obolibrary.org/obo/PCL_0052681	CA13_180	ensembl:ENSG00000180828|ensembl:ENSG00000230333|ensembl:ENSG00000255240	Hsap	Human	HBA:4005	SO:0001260	0.5197704081632653
http://purl.obolibrary.org/obo/PCL_0052682	CA13_181	ensembl:ENSG00000164756|ensembl:ENSG00000204262|ensembl:ENSG00000230333	Hsap	Human	HBA:4005	SO:0001260	0.42916666666666664
http://purl.obolibrary.org/obo/PCL_0052683	CA13_182	ensembl:ENSG00000164694|ensembl:ENSG00000204262|ensembl:ENSG00000230333|ensembl:ENSG00000243944|ensembl:ENSG00000249743|ensembl:ENSG00000259417	Hsap	Human	HBA:4005	SO:0001260	0.3531073446327683
http://purl.obolibrary.org/obo/PCL_0052684	CA13_183	ensembl:ENSG00000179869|ensembl:ENSG00000224944|ensembl:ENSG00000230333|ensembl:ENSG00000249743	Hsap	Human	HBA:4005	SO:0001260	0.4286570743405276
http://purl.obolibrary.org/obo/PCL_0052685	CA13_184	ensembl:ENSG00000230333|ensembl:ENSG00000249743|ensembl:ENSG00000253199	Hsap	Human	HBA:4005	SO:0001260	0.4409620991253644
http://purl.obolibrary.org/obo/PCL_0052686	CA13_185	ensembl:ENSG00000133636|ensembl:ENSG00000249743|ensembl:ENSG00000253199	Hsap	Human	HBA:4005	SO:0001260	0.5132299270072993
http://purl.obolibrary.org/obo/PCL_0052687	CA13_186	ensembl:ENSG00000133636|ensembl:ENSG00000254092	Hsap	Human	HBA:4005	SO:0001260	0.4873646209386281
http://purl.obolibrary.org/obo/PCL_0052688	CA13_187	ensembl:ENSG00000115232|ensembl:ENSG00000230333|ensembl:ENSG00000268089	Hsap	Human	HBA:4005	SO:0001260	0.5208333333333333
http://purl.obolibrary.org/obo/PCL_0052689	CA13_188	ensembl:ENSG00000171502|ensembl:ENSG00000183287|ensembl:ENSG00000254101|ensembl:ENSG00000259417	Hsap	Human	HBA:4005	SO:0001260	0.052634308234806054
http://purl.obolibrary.org/obo/PCL_0052690	CA13_189	ensembl:ENSG00000142871|ensembl:ENSG00000206190|ensembl:ENSG00000259417	Hsap	Human	HBA:4005	SO:0001260	0.6132756132756133
http://purl.obolibrary.org/obo/PCL_0052691	CA4_190	ensembl:ENSG00000019991|ensembl:ENSG00000150893	Hsap	Human	HBA:4005	SO:0001260	0.6848659003831418
http://purl.obolibrary.org/obo/PCL_0052692	CA4_191	ensembl:ENSG00000133636|ensembl:ENSG00000147488	Hsap	Human	HBA:4005	SO:0001260	0.5847145488029465
http://purl.obolibrary.org/obo/PCL_0052693	CA4_192	ensembl:ENSG00000036828|ensembl:ENSG00000115232|ensembl:ENSG00000206190	Hsap	Human	HBA:4005	SO:0001260	0.6456043956043956
http://purl.obolibrary.org/obo/PCL_0052694	CA4_193	ensembl:ENSG00000079689|ensembl:ENSG00000142494|ensembl:ENSG00000164161|ensembl:ENSG00000241743	Hsap	Human	HBA:4005	SO:0001260	0.45624999999999993
http://purl.obolibrary.org/obo/PCL_0052695	CA4_194	ensembl:ENSG00000161970|ensembl:ENSG00000171159|ensembl:ENSG00000171476	Hsap	Human	HBA:4005	SO:0001260	0.5052570093457944
http://purl.obolibrary.org/obo/PCL_0052696	CA4_195	ensembl:ENSG00000115232|ensembl:ENSG00000164161|ensembl:ENSG00000168743|ensembl:ENSG00000204262	Hsap	Human	HBA:4005	SO:0001260	0.3477690288713911
http://purl.obolibrary.org/obo/PCL_0052697	CA4_196	ensembl:ENSG00000115232|ensembl:ENSG00000250974	Hsap	Human	HBA:4005	SO:0001260	0.43233082706766923
http://purl.obolibrary.org/obo/PCL_0052698	CA4_197	ensembl:ENSG00000250974|ensembl:ENSG00000286251	Hsap	Human	HBA:4005	SO:0001260	0.5905511811023622
http://purl.obolibrary.org/obo/PCL_0052699	CA4_198	ensembl:ENSG00000188107|ensembl:ENSG00000204262|ensembl:ENSG00000259417	Hsap	Human	HBA:4005	SO:0001260	0.7587548638132295
http://purl.obolibrary.org/obo/PCL_0052700	DG_199	ensembl:ENSG00000133110|ensembl:ENSG00000270533	Hsap	Human	HBA:4005	SO:0001260	0.747319034852547
http://purl.obolibrary.org/obo/PCL_0052701	DG_200	ensembl:ENSG00000138435|ensembl:ENSG00000214279|ensembl:ENSG00000249675	Hsap	Human	HBA:4005	SO:0001260	0.33441558441558433
http://purl.obolibrary.org/obo/PCL_0052702	DG_201	ensembl:ENSG00000142494|ensembl:ENSG00000249675|ensembl:ENSG00000286251	Hsap	Human	HBA:4005	SO:0001260	0.4375981161695448
http://purl.obolibrary.org/obo/PCL_0052703	DG_202	ensembl:ENSG00000118271|ensembl:ENSG00000120907|ensembl:ENSG00000286251	Hsap	Human	HBA:4005	SO:0001260	0.7114467408585055
http://purl.obolibrary.org/obo/PCL_0052704	DG_203	ensembl:ENSG00000147488|ensembl:ENSG00000235160|ensembl:ENSG00000288321	Hsap	Human	HBA:4005	SO:0001260	0.4761904761904762
http://purl.obolibrary.org/obo/PCL_0052705	DG_204	ensembl:ENSG00000118271|ensembl:ENSG00000224944|ensembl:ENSG00000251372|ensembl:ENSG00000285724	Hsap	Human	HBA:4005	SO:0001260	0.4578025477707006
http://purl.obolibrary.org/obo/PCL_0052706	DG_205	ensembl:ENSG00000249675|ensembl:ENSG00000250619|ensembl:ENSG00000285724	Hsap	Human	HBA:4005	SO:0001260	0.3442928039702233
http://purl.obolibrary.org/obo/PCL_0052707	MSN_206	ensembl:ENSG00000106571|ensembl:ENSG00000164330|ensembl:ENSG00000237813|ensembl:ENSG00000286481	Hsap	Human	HBA:4005	SO:0001260	0.5578512396694215
http://purl.obolibrary.org/obo/PCL_0052708	MSN_207	ensembl:ENSG00000149295|ensembl:ENSG00000196549|ensembl:ENSG00000236922	Hsap	Human	HBA:4005	SO:0001260	0.47906602254428343
http://purl.obolibrary.org/obo/PCL_0052709	MSN_208	ensembl:ENSG00000156463|ensembl:ENSG00000181195|ensembl:ENSG00000257452	Hsap	Human	HBA:4005	SO:0001260	0.3720508166969147
http://purl.obolibrary.org/obo/PCL_0052710	MSN_209	ensembl:ENSG00000156463|ensembl:ENSG00000184845|ensembl:ENSG00000260186|ensembl:ENSG00000286780	Hsap	Human	HBA:4005	SO:0001260	0.46518264840182644
http://purl.obolibrary.org/obo/PCL_0052711	MSN_210	ensembl:ENSG00000260186|ensembl:ENSG00000275649|ensembl:ENSG00000286021	Hsap	Human	HBA:4005	SO:0001260	0.5263157894736842
http://purl.obolibrary.org/obo/PCL_0052712	MSN_211	ensembl:ENSG00000139304|ensembl:ENSG00000184845|ensembl:ENSG00000286481	Hsap	Human	HBA:4005	SO:0001260	0.506198347107438
http://purl.obolibrary.org/obo/PCL_0052713	MSN_212	ensembl:ENSG00000181195|ensembl:ENSG00000223944|ensembl:ENSG00000286780	Hsap	Human	HBA:4005	SO:0001260	0.5085301837270341
http://purl.obolibrary.org/obo/PCL_0052714	MSN_213	ensembl:ENSG00000181195|ensembl:ENSG00000253394	Hsap	Human	HBA:4005	SO:0001260	0.5
http://purl.obolibrary.org/obo/PCL_0052715	MSN_214	ensembl:ENSG00000144681|ensembl:ENSG00000184845|ensembl:ENSG00000224577	Hsap	Human	HBA:4005	SO:0001260	0.29761904761904756
http://purl.obolibrary.org/obo/PCL_0052716	MSN_215	ensembl:ENSG00000184845|ensembl:ENSG00000258525|ensembl:ENSG00000287912	Hsap	Human	HBA:4005	SO:0001260	0.32370517928286857
http://purl.obolibrary.org/obo/PCL_0052717	MSN_216	ensembl:ENSG00000064655|ensembl:ENSG00000149295|ensembl:ENSG00000181195|ensembl:ENSG00000241956|ensembl:ENSG00000287290	Hsap	Human	HBA:4005	SO:0001260	0.479014598540146
http://purl.obolibrary.org/obo/PCL_0052718	MSN_217	ensembl:ENSG00000181195|ensembl:ENSG00000214866	Hsap	Human	HBA:4005	SO:0001260	0.40625000000000006
http://purl.obolibrary.org/obo/PCL_0052719	MSN_218	ensembl:ENSG00000151577|ensembl:ENSG00000196549|ensembl:ENSG00000286328	Hsap	Human	HBA:4005	SO:0001260	0.5613207547169811
http://purl.obolibrary.org/obo/PCL_0052720	MSN_219	ensembl:ENSG00000016082|ensembl:ENSG00000128573|ensembl:ENSG00000145824	Hsap	Human	HBA:4005	SO:0001260	0.5914512922465209
http://purl.obolibrary.org/obo/PCL_0052721	MSN_220	ensembl:ENSG00000016082|ensembl:ENSG00000140479|ensembl:ENSG00000150051	Hsap	Human	HBA:4005	SO:0001260	0.5443322109988776
http://purl.obolibrary.org/obo/PCL_0052722	MSN_221	ensembl:ENSG00000149295|ensembl:ENSG00000253693|ensembl:ENSG00000285755	Hsap	Human	HBA:4005	SO:0001260	0.6537102473498233
http://purl.obolibrary.org/obo/PCL_0052723	EMSN_222	ensembl:ENSG00000006128|ensembl:ENSG00000151892|ensembl:ENSG00000181195	Hsap	Human	HBA:4005	SO:0001260	0.5967336683417086
http://purl.obolibrary.org/obo/PCL_0052724	EMSN_223	ensembl:ENSG00000006128|ensembl:ENSG00000064989|ensembl:ENSG00000151892	Hsap	Human	HBA:4005	SO:0001260	0.4721615720524017
http://purl.obolibrary.org/obo/PCL_0052725	EMSN_224	ensembl:ENSG00000115353|ensembl:ENSG00000128573|ensembl:ENSG00000171094|ensembl:ENSG00000171509	Hsap	Human	HBA:4005	SO:0001260	0.2974232456140351
http://purl.obolibrary.org/obo/PCL_0052726	EMSN_225	ensembl:ENSG00000053747|ensembl:ENSG00000130940|ensembl:ENSG00000260186	Hsap	Human	HBA:4005	SO:0001260	0.4041353383458647
http://purl.obolibrary.org/obo/PCL_0052727	EMSN_226	ensembl:ENSG00000064655|ensembl:ENSG00000139304|ensembl:ENSG00000145824|ensembl:ENSG00000171509	Hsap	Human	HBA:4005	SO:0001260	0.4290429042904291
http://purl.obolibrary.org/obo/PCL_0052728	EMSN_227	ensembl:ENSG00000056291|ensembl:ENSG00000119547|ensembl:ENSG00000164142|ensembl:ENSG00000241743	Hsap	Human	HBA:4005	SO:0001260	0.5549510337323177
http://purl.obolibrary.org/obo/PCL_0052729	EMSN_228	ensembl:ENSG00000056291|ensembl:ENSG00000075223|ensembl:ENSG00000143995|ensembl:ENSG00000178031|ensembl:ENSG00000236948	Hsap	Human	HBA:4005	SO:0001260	0.6337412587412588
http://purl.obolibrary.org/obo/PCL_0052730	EMSN_229	ensembl:ENSG00000075429|ensembl:ENSG00000143995|ensembl:ENSG00000144407|ensembl:ENSG00000178031|ensembl:ENSG00000179981	Hsap	Human	HBA:4005	SO:0001260	0.33943965517241376
http://purl.obolibrary.org/obo/PCL_0052731	EMSN_230	ensembl:ENSG00000064655|ensembl:ENSG00000101180|ensembl:ENSG00000156140|ensembl:ENSG00000171509	Hsap	Human	HBA:4005	SO:0001260	0.5181086519114688
http://purl.obolibrary.org/obo/PCL_0052732	EMSN_231	ensembl:ENSG00000038295|ensembl:ENSG00000056291|ensembl:ENSG00000099715|ensembl:ENSG00000152936|ensembl:ENSG00000171509|ensembl:ENSG00000174453	Hsap	Human	HBA:4005	SO:0001260	0.3019323671497584
http://purl.obolibrary.org/obo/PCL_0052733	EMSN_232	ensembl:ENSG00000165029|ensembl:ENSG00000171509|ensembl:ENSG00000184984	Hsap	Human	HBA:4005	SO:0001260	0.45243619489559167
http://purl.obolibrary.org/obo/PCL_0052734	EMSN_233	ensembl:ENSG00000081803|ensembl:ENSG00000102290|ensembl:ENSG00000237838|ensembl:ENSG00000239893	Hsap	Human	HBA:4005	SO:0001260	0.28846153846153844
http://purl.obolibrary.org/obo/PCL_0052735	EMSN_234	ensembl:ENSG00000007372|ensembl:ENSG00000056291|ensembl:ENSG00000113494	Hsap	Human	HBA:4005	SO:0001260	0.4343220338983051
http://purl.obolibrary.org/obo/PCL_0052737	MGE_236	ensembl:ENSG00000006128|ensembl:ENSG00000166450|ensembl:ENSG00000167306	Hsap	Human	HBA:4005	SO:0001260	0.3414096916299559
http://purl.obolibrary.org/obo/PCL_0052740	MGE_239	ensembl:ENSG00000154864|ensembl:ENSG00000172987|ensembl:ENSG00000250979	Hsap	Human	HBA:4005	SO:0001260	0.44921874999999994
http://purl.obolibrary.org/obo/PCL_0052741	MGE_240	ensembl:ENSG00000110975|ensembl:ENSG00000138829|ensembl:ENSG00000163377|ensembl:ENSG00000250979	Hsap	Human	HBA:4005	SO:0001260	0.5503412969283277
http://purl.obolibrary.org/obo/PCL_0052742	MGE_241	ensembl:ENSG00000110693|ensembl:ENSG00000153162|ensembl:ENSG00000180777|ensembl:ENSG00000250979	Hsap	Human	HBA:4005	SO:0001260	0.4482323232323232
http://purl.obolibrary.org/obo/PCL_0052743	MGE_242	ensembl:ENSG00000005059|ensembl:ENSG00000110693|ensembl:ENSG00000138829|ensembl:ENSG00000178031|ensembl:ENSG00000196549	Hsap	Human	HBA:4005	SO:0001260	0.40895061728395055
http://purl.obolibrary.org/obo/PCL_0052744	MGE_243	ensembl:ENSG00000104327|ensembl:ENSG00000112319|ensembl:ENSG00000181195|ensembl:ENSG00000251033	Hsap	Human	HBA:4005	SO:0001260	0.4863813229571985
http://purl.obolibrary.org/obo/PCL_0052745	MGE_244	ensembl:ENSG00000054803|ensembl:ENSG00000122585|ensembl:ENSG00000166863	Hsap	Human	HBA:4005	SO:0001260	0.5649466192170819
http://purl.obolibrary.org/obo/PCL_0052746	MGE_245	ensembl:ENSG00000122585|ensembl:ENSG00000138829|ensembl:ENSG00000250979	Hsap	Human	HBA:4005	SO:0001260	0.45847750865051906
http://purl.obolibrary.org/obo/PCL_0052747	MGE_246	ensembl:ENSG00000157005|ensembl:ENSG00000178573|ensembl:ENSG00000239440	Hsap	Human	HBA:4005	SO:0001260	0.42828685258964144
http://purl.obolibrary.org/obo/PCL_0052748	MGE_247	ensembl:ENSG00000198121|ensembl:ENSG00000204262|ensembl:ENSG00000288539	Hsap	Human	HBA:4005	SO:0001260	0.6132075471698114
http://purl.obolibrary.org/obo/PCL_0052749	MGE_248	ensembl:ENSG00000006128|ensembl:ENSG00000011465|ensembl:ENSG00000287277	Hsap	Human	HBA:4005	SO:0001260	0.45751633986928103
http://purl.obolibrary.org/obo/PCL_0052750	MGE_249	ensembl:ENSG00000069018|ensembl:ENSG00000075213|ensembl:ENSG00000110693|ensembl:ENSG00000146374|ensembl:ENSG00000157005	Hsap	Human	HBA:4005	SO:0001260	0.42452830188679247
http://purl.obolibrary.org/obo/PCL_0052751	MGE_250	ensembl:ENSG00000007062|ensembl:ENSG00000112414|ensembl:ENSG00000241684	Hsap	Human	HBA:4005	SO:0001260	0.45936395759717313
http://purl.obolibrary.org/obo/PCL_0052752	MGE_251	ensembl:ENSG00000112414|ensembl:ENSG00000157005|ensembl:ENSG00000189056|ensembl:ENSG00000287149	Hsap	Human	HBA:4005	SO:0001260	0.5019305019305019
http://purl.obolibrary.org/obo/PCL_0052753	MGE_252	ensembl:ENSG00000151617|ensembl:ENSG00000166863|ensembl:ENSG00000287550	Hsap	Human	HBA:4005	SO:0001260	0.38306451612903236
http://purl.obolibrary.org/obo/PCL_0052754	MGE_253	ensembl:ENSG00000038427|ensembl:ENSG00000137672|ensembl:ENSG00000157005|ensembl:ENSG00000241956|ensembl:ENSG00000253693	Hsap	Human	HBA:4005	SO:0001260	0.6921824104234527
http://purl.obolibrary.org/obo/PCL_0052755	MGE_254	ensembl:ENSG00000130751|ensembl:ENSG00000138829|ensembl:ENSG00000173157	Hsap	Human	HBA:4005	SO:0001260	0.5572289156626506
http://purl.obolibrary.org/obo/PCL_0052756	MGE_255	ensembl:ENSG00000019991|ensembl:ENSG00000114200|ensembl:ENSG00000254361	Hsap	Human	HBA:4005	SO:0001260	0.5727665706051873
http://purl.obolibrary.org/obo/PCL_0052757	MGE_256	ensembl:ENSG00000140470|ensembl:ENSG00000196091|ensembl:ENSG00000234965	Hsap	Human	HBA:4005	SO:0001260	0.6229641693811075
http://purl.obolibrary.org/obo/PCL_0052758	MGE_257	ensembl:ENSG00000143248|ensembl:ENSG00000152595	Hsap	Human	HBA:4005	SO:0001260	0.4901215805471124
http://purl.obolibrary.org/obo/PCL_0052759	MGE_258	ensembl:ENSG00000002745|ensembl:ENSG00000157005|ensembl:ENSG00000177425	Hsap	Human	HBA:4005	SO:0001260	0.38925438596491224
http://purl.obolibrary.org/obo/PCL_0052760	MGE_259	ensembl:ENSG00000011201|ensembl:ENSG00000143248|ensembl:ENSG00000151136	Hsap	Human	HBA:4005	SO:0001260	0.4083665338645418
http://purl.obolibrary.org/obo/PCL_0052761	MGE_260	ensembl:ENSG00000145703|ensembl:ENSG00000163377|ensembl:ENSG00000259417	Hsap	Human	HBA:4005	SO:0001260	0.4822834645669291
http://purl.obolibrary.org/obo/PCL_0052762	MGE_261	ensembl:ENSG00000100362|ensembl:ENSG00000103888|ensembl:ENSG00000140470|ensembl:ENSG00000237838	Hsap	Human	HBA:4005	SO:0001260	0.30210643015521066
http://purl.obolibrary.org/obo/PCL_0052763	MGE_262	ensembl:ENSG00000137573|ensembl:ENSG00000154864|ensembl:ENSG00000227579|ensembl:ENSG00000241684	Hsap	Human	HBA:4005	SO:0001260	0.583079268292683
http://purl.obolibrary.org/obo/PCL_0052764	MGE_263	ensembl:ENSG00000100362|ensembl:ENSG00000137573|ensembl:ENSG00000237838|ensembl:ENSG00000287912	Hsap	Human	HBA:4005	SO:0001260	0.5792682926829268
http://purl.obolibrary.org/obo/PCL_0052765	LLC_264	ensembl:ENSG00000147571|ensembl:ENSG00000204291|ensembl:ENSG00000254361	Hsap	Human	HBA:4005	SO:0001260	0.5380794701986756
http://purl.obolibrary.org/obo/PCL_0052766	LLC_265	ensembl:ENSG00000087494|ensembl:ENSG00000254361	Hsap	Human	HBA:4005	SO:0001260	0.5808080808080809
http://purl.obolibrary.org/obo/PCL_0052767	LLC_266	ensembl:ENSG00000107731|ensembl:ENSG00000131094|ensembl:ENSG00000161509	Hsap	Human	HBA:4005	SO:0001260	0.3326023391812865
http://purl.obolibrary.org/obo/PCL_0052768	LLC_267	ensembl:ENSG00000105976|ensembl:ENSG00000154080|ensembl:ENSG00000162733	Hsap	Human	HBA:4005	SO:0001260	0.625
http://purl.obolibrary.org/obo/PCL_0052769	LLC_268	ensembl:ENSG00000112319|ensembl:ENSG00000115353|ensembl:ENSG00000154080|ensembl:ENSG00000170293	Hsap	Human	HBA:4005	SO:0001260	0.38135593220338976
http://purl.obolibrary.org/obo/PCL_0052770	LLC_269	ensembl:ENSG00000101230|ensembl:ENSG00000137965|ensembl:ENSG00000154080	Hsap	Human	HBA:4005	SO:0001260	0.3409090909090909
http://purl.obolibrary.org/obo/PCL_0052771	LLC_270	ensembl:ENSG00000006128|ensembl:ENSG00000046889|ensembl:ENSG00000047648|ensembl:ENSG00000089250|ensembl:ENSG00000241684	Hsap	Human	HBA:4005	SO:0001260	0.44999999999999996
http://purl.obolibrary.org/obo/PCL_0052772	LLC_271	ensembl:ENSG00000104332|ensembl:ENSG00000112414|ensembl:ENSG00000227240	Hsap	Human	HBA:4005	SO:0001260	0.31047077922077926
http://purl.obolibrary.org/obo/PCL_0052773	LLC_272	ensembl:ENSG00000104332|ensembl:ENSG00000125869|ensembl:ENSG00000150893|ensembl:ENSG00000170962	Hsap	Human	HBA:4005	SO:0001260	0.22582697201017804
http://purl.obolibrary.org/obo/PCL_0052774	LLC_273	ensembl:ENSG00000081479|ensembl:ENSG00000138829|ensembl:ENSG00000154080|ensembl:ENSG00000227240	Hsap	Human	HBA:4005	SO:0001260	0.3855421686746988
http://purl.obolibrary.org/obo/PCL_0052775	LLC_274	ensembl:ENSG00000138829|ensembl:ENSG00000237928|ensembl:ENSG00000250842	Hsap	Human	HBA:4005	SO:0001260	0.49479166666666663
http://purl.obolibrary.org/obo/PCL_0052776	LLC_275	ensembl:ENSG00000104267|ensembl:ENSG00000104332|ensembl:ENSG00000145824|ensembl:ENSG00000170962	Hsap	Human	HBA:4005	SO:0001260	0.44894366197183094
http://purl.obolibrary.org/obo/PCL_0052777	CGE_276	ensembl:ENSG00000146469|ensembl:ENSG00000165124	Hsap	Human	HBA:4005	SO:0001260	0.4955357142857143
http://purl.obolibrary.org/obo/PCL_0052778	CGE_277	ensembl:ENSG00000079689|ensembl:ENSG00000162733	Hsap	Human	HBA:4005	SO:0001260	0.6675170068027211
http://purl.obolibrary.org/obo/PCL_0052779	CGE_278	ensembl:ENSG00000156076|ensembl:ENSG00000162733|ensembl:ENSG00000175344	Hsap	Human	HBA:4005	SO:0001260	0.5856423173803526
http://purl.obolibrary.org/obo/PCL_0052780	CGE_279	ensembl:ENSG00000107099|ensembl:ENSG00000145824|ensembl:ENSG00000150893	Hsap	Human	HBA:4005	SO:0001260	0.5690298507462688
http://purl.obolibrary.org/obo/PCL_0052781	CGE_280	ensembl:ENSG00000053747|ensembl:ENSG00000206129	Hsap	Human	HBA:4005	SO:0001260	0.5135658914728682
http://purl.obolibrary.org/obo/PCL_0052782	CGE_281	ensembl:ENSG00000151617|ensembl:ENSG00000166736	Hsap	Human	HBA:4005	SO:0001260	0.6654411764705883
http://purl.obolibrary.org/obo/PCL_0052783	CGE_282	ensembl:ENSG00000149451|ensembl:ENSG00000251031	Hsap	Human	HBA:4005	SO:0001260	0.57909604519774
http://purl.obolibrary.org/obo/PCL_0052784	CGE_283	ensembl:ENSG00000075223|ensembl:ENSG00000110975|ensembl:ENSG00000145824|ensembl:ENSG00000231304	Hsap	Human	HBA:4005	SO:0001260	0.5208333333333334
http://purl.obolibrary.org/obo/PCL_0052785	CGE_284	ensembl:ENSG00000118523|ensembl:ENSG00000145824|ensembl:ENSG00000189184|ensembl:ENSG00000227579	Hsap	Human	HBA:4005	SO:0001260	0.5104961832061069
http://purl.obolibrary.org/obo/PCL_0052786	CGE_285	ensembl:ENSG00000146469|ensembl:ENSG00000181195	Hsap	Human	HBA:4005	SO:0001260	0.7134570765661253
http://purl.obolibrary.org/obo/PCL_0052787	CGE_286	ensembl:ENSG00000135577|ensembl:ENSG00000145824|ensembl:ENSG00000173376	Hsap	Human	HBA:4005	SO:0001260	0.6664037854889591
http://purl.obolibrary.org/obo/PCL_0052788	CGE_287	ensembl:ENSG00000112319|ensembl:ENSG00000133392|ensembl:ENSG00000173157	Hsap	Human	HBA:4005	SO:0001260	0.5818181818181818
http://purl.obolibrary.org/obo/PCL_0052789	CGE_288	ensembl:ENSG00000104267|ensembl:ENSG00000145824|ensembl:ENSG00000147571|ensembl:ENSG00000169071	Hsap	Human	HBA:4005	SO:0001260	0.5948795180722891
http://purl.obolibrary.org/obo/PCL_0052790	CGE_289	ensembl:ENSG00000166863|ensembl:ENSG00000234083|ensembl:ENSG00000237838	Hsap	Human	HBA:4005	SO:0001260	0.5638424821002387
http://purl.obolibrary.org/obo/PCL_0052791	CGE_290	ensembl:ENSG00000102755|ensembl:ENSG00000146469|ensembl:ENSG00000181072	Hsap	Human	HBA:4005	SO:0001260	0.5443548387096775
http://purl.obolibrary.org/obo/PCL_0052792	CGE_291	ensembl:ENSG00000113389|ensembl:ENSG00000151617|ensembl:ENSG00000227579	Hsap	Human	HBA:4005	SO:0001260	0.5255681818181819
http://purl.obolibrary.org/obo/PCL_0052793	CGE_292	ensembl:ENSG00000113389|ensembl:ENSG00000147571|ensembl:ENSG00000150722|ensembl:ENSG00000286778	Hsap	Human	HBA:4005	SO:0001260	0.4082914572864321
http://purl.obolibrary.org/obo/PCL_0052794	CGE_293	ensembl:ENSG00000145703|ensembl:ENSG00000153976|ensembl:ENSG00000286778	Hsap	Human	HBA:4005	SO:0001260	0.4869791666666666
http://purl.obolibrary.org/obo/PCL_0052795	CGE_294	ensembl:ENSG00000146469|ensembl:ENSG00000154175	Hsap	Human	HBA:4005	SO:0001260	0.5585106382978723
http://purl.obolibrary.org/obo/PCL_0052796	CGE_295	ensembl:ENSG00000143171|ensembl:ENSG00000146469|ensembl:ENSG00000147571|ensembl:ENSG00000286778	Hsap	Human	HBA:4005	SO:0001260	0.43934240362811794
http://purl.obolibrary.org/obo/PCL_0052797	CGE_296	ensembl:ENSG00000145824|ensembl:ENSG00000166863|ensembl:ENSG00000170293|ensembl:ENSG00000187123	Hsap	Human	HBA:4005	SO:0001260	0.5958230958230958
http://purl.obolibrary.org/obo/PCL_0052799	CBI_298	ensembl:ENSG00000038427|ensembl:ENSG00000165970|ensembl:ENSG00000189056	Hsap	Human	HBA:4005	SO:0001260	0.6238273921200751
http://purl.obolibrary.org/obo/PCL_0052800	CBI_299	ensembl:ENSG00000073792|ensembl:ENSG00000164694|ensembl:ENSG00000165970	Hsap	Human	HBA:4005	SO:0001260	0.6134969325153373
http://purl.obolibrary.org/obo/PCL_0052801	CBI_300	ensembl:ENSG00000088836|ensembl:ENSG00000173376	Hsap	Human	HBA:4005	SO:0001260	0.5392156862745098
http://purl.obolibrary.org/obo/PCL_0052802	CBI_301	ensembl:ENSG00000006747|ensembl:ENSG00000124782|ensembl:ENSG00000165970	Hsap	Human	HBA:4005	SO:0001260	0.46875000000000006
http://purl.obolibrary.org/obo/PCL_0052803	CBI_302	ensembl:ENSG00000166569|ensembl:ENSG00000287963	Hsap	Human	HBA:4005	SO:0001260	0.8756038647342996
http://purl.obolibrary.org/obo/PCL_0052804	CBI_303	ensembl:ENSG00000187123|ensembl:ENSG00000287963	Hsap	Human	HBA:4005	SO:0001260	0.6717850287907869
http://purl.obolibrary.org/obo/PCL_0052805	CBI_304	ensembl:ENSG00000079689|ensembl:ENSG00000285424	Hsap	Human	HBA:4005	SO:0001260	0.4984894259818731
http://purl.obolibrary.org/obo/PCL_0052806	CBI_305	ensembl:ENSG00000008196|ensembl:ENSG00000065320|ensembl:ENSG00000138696|ensembl:ENSG00000256422	Hsap	Human	HBA:4005	SO:0001260	0.532994923857868
http://purl.obolibrary.org/obo/PCL_0052807	CBI_306	ensembl:ENSG00000079689|ensembl:ENSG00000152894|ensembl:ENSG00000183654	Hsap	Human	HBA:4005	SO:0001260	0.30904522613065327
http://purl.obolibrary.org/obo/PCL_0052808	CBI_307	ensembl:ENSG00000038427|ensembl:ENSG00000079689|ensembl:ENSG00000122584|ensembl:ENSG00000256422	Hsap	Human	HBA:4005	SO:0001260	0.6974921630094044
http://purl.obolibrary.org/obo/PCL_0052824	Mmb_323	ensembl:ENSG00000006128|ensembl:ENSG00000228714|ensembl:ENSG00000283453	Hsap	Human	HBA:4005	SO:0001260	0.24085365853658533
http://purl.obolibrary.org/obo/PCL_0052825	Mmb_324	ensembl:ENSG00000006128|ensembl:ENSG00000203506|ensembl:ENSG00000231674	Hsap	Human	HBA:4005	SO:0001260	0.3999042145593869
http://purl.obolibrary.org/obo/PCL_0052826	Mmb_325	ensembl:ENSG00000170820|ensembl:ENSG00000231674|ensembl:ENSG00000282890|ensembl:ENSG00000283453	Hsap	Human	HBA:4005	SO:0001260	0.6134259259259259
http://purl.obolibrary.org/obo/PCL_0052827	Mmb_326	ensembl:ENSG00000112246|ensembl:ENSG00000145708|ensembl:ENSG00000164093|ensembl:ENSG00000283453	Hsap	Human	HBA:4005	SO:0001260	0.46287128712871284
http://purl.obolibrary.org/obo/PCL_0052828	Mmb_327	ensembl:ENSG00000163377|ensembl:ENSG00000231674|ensembl:ENSG00000283453	Hsap	Human	HBA:4005	SO:0001260	0.3296344647519582
http://purl.obolibrary.org/obo/PCL_0052829	Mmb_328	ensembl:ENSG00000197826|ensembl:ENSG00000231674	Hsap	Human	HBA:4005	SO:0001260	0.164708886618999
http://purl.obolibrary.org/obo/PCL_0052830	Mmb_329	ensembl:ENSG00000112246|ensembl:ENSG00000113494|ensembl:ENSG00000183580|ensembl:ENSG00000250974	Hsap	Human	HBA:4005	SO:0001260	0.39529914529914517
http://purl.obolibrary.org/obo/PCL_0052831	Mmb_330	ensembl:ENSG00000162631|ensembl:ENSG00000164093|ensembl:ENSG00000283453	Hsap	Human	HBA:4005	SO:0001260	0.4406946264744429
http://purl.obolibrary.org/obo/PCL_0052832	Mmb_331	ensembl:ENSG00000075223|ensembl:ENSG00000164093|ensembl:ENSG00000285744	Hsap	Human	HBA:4005	SO:0001260	0.3206997084548105
http://purl.obolibrary.org/obo/PCL_0052833	Mmb_332	ensembl:ENSG00000112246|ensembl:ENSG00000119547|ensembl:ENSG00000128641|ensembl:ENSG00000170324	Hsap	Human	HBA:4005	SO:0001260	0.3832236842105263
http://purl.obolibrary.org/obo/PCL_0052834	Mmb_333	ensembl:ENSG00000049323|ensembl:ENSG00000112246|ensembl:ENSG00000135218	Hsap	Human	HBA:4005	SO:0001260	0.5555555555555556
http://purl.obolibrary.org/obo/PCL_0052873	Thex_372	ensembl:ENSG00000144407|ensembl:ENSG00000148737|ensembl:ENSG00000177138|ensembl:ENSG00000187147	Hsap	Human	HBA:4005	SO:0001260	0.39033457249070636
http://purl.obolibrary.org/obo/PCL_0052906	Amex_405	ensembl:ENSG00000113494|ensembl:ENSG00000134138|ensembl:ENSG00000138653|ensembl:ENSG00000140945|ensembl:ENSG00000171509	Hsap	Human	HBA:4005	SO:0001260	0.4583333333333333
http://purl.obolibrary.org/obo/PCL_0052907	Amex_406	ensembl:ENSG00000118308|ensembl:ENSG00000133105|ensembl:ENSG00000164326	Hsap	Human	HBA:4005	SO:0001260	0.5849056603773585
http://purl.obolibrary.org/obo/PCL_0052908	Amex_407	ensembl:ENSG00000116183|ensembl:ENSG00000143355	Hsap	Human	HBA:4005	SO:0001260	0.5271739130434783
http://purl.obolibrary.org/obo/PCL_0052909	Amex_408	ensembl:ENSG00000163508|ensembl:ENSG00000172987|ensembl:ENSG00000189056	Hsap	Human	HBA:4005	SO:0001260	0.8053691275167786
http://purl.obolibrary.org/obo/PCL_0052920	Amex_419	ensembl:ENSG00000144407|ensembl:ENSG00000183873|ensembl:ENSG00000227835|ensembl:ENSG00000247809|ensembl:ENSG00000251293	Hsap	Human	HBA:4005	SO:0001260	0.3047091412742382
http://purl.obolibrary.org/obo/PCL_0052927	EMSN_426	ensembl:ENSG00000143995|ensembl:ENSG00000179981|ensembl:ENSG00000287092	Hsap	Human	HBA:4005	SO:0001260	0.1997041420118343
http://purl.obolibrary.org/obo/PCL_0052928	MSN_427	ensembl:ENSG00000016082|ensembl:ENSG00000163285|ensembl:ENSG00000251293	Hsap	Human	HBA:4005	SO:0001260	0.3746056782334385
http://purl.obolibrary.org/obo/PCL_0052931	MSN_430	ensembl:ENSG00000163285|ensembl:ENSG00000181195	Hsap	Human	HBA:4005	SO:0001260	0.5958333333333333
http://purl.obolibrary.org/obo/PCL_0052934	Midi_433	ensembl:ENSG00000164099|ensembl:ENSG00000164161|ensembl:ENSG00000189056|ensembl:ENSG00000248550	Hsap	Human	HBA:4005	SO:0001260	0.5471014492753624
http://purl.obolibrary.org/obo/PCL_0052935	Midi_434	ensembl:ENSG00000163273|ensembl:ENSG00000197085|ensembl:ENSG00000205279	Hsap	Human	HBA:4005	SO:0001260	0.37832929782082325
http://purl.obolibrary.org/obo/PCL_0052936	Midi_435	ensembl:ENSG00000049323|ensembl:ENSG00000069018|ensembl:ENSG00000187258|ensembl:ENSG00000247809	Hsap	Human	HBA:4005	SO:0001260	0.43778801843317977
http://purl.obolibrary.org/obo/PCL_0052937	Midi_436	ensembl:ENSG00000138696|ensembl:ENSG00000143341|ensembl:ENSG00000248550	Hsap	Human	HBA:4005	SO:0001260	0.4306102362204725
http://purl.obolibrary.org/obo/PCL_0052938	Midi_437	ensembl:ENSG00000138696|ensembl:ENSG00000198963|ensembl:ENSG00000248550|ensembl:ENSG00000282142	Hsap	Human	HBA:4005	SO:0001260	0.41502946954813363
http://purl.obolibrary.org/obo/PCL_0052939	Midi_438	ensembl:ENSG00000163273|ensembl:ENSG00000187258|ensembl:ENSG00000233491	Hsap	Human	HBA:4005	SO:0001260	0.22417153996101363
http://purl.obolibrary.org/obo/PCL_0052940	Midi_439	ensembl:ENSG00000075223|ensembl:ENSG00000164099|ensembl:ENSG00000248550|ensembl:ENSG00000254101	Hsap	Human	HBA:4005	SO:0001260	0.28096330275229353
http://purl.obolibrary.org/obo/PCL_0052941	Midi_440	ensembl:ENSG00000071909|ensembl:ENSG00000248550|ensembl:ENSG00000254101	Hsap	Human	HBA:4005	SO:0001260	0.46944858420268254
http://purl.obolibrary.org/obo/PCL_0052942	Midi_441	ensembl:ENSG00000071909|ensembl:ENSG00000152527|ensembl:ENSG00000245694	Hsap	Human	HBA:4005	SO:0001260	0.3452685421994885
http://purl.obolibrary.org/obo/PCL_0052943	Midi_442	ensembl:ENSG00000036828|ensembl:ENSG00000106025|ensembl:ENSG00000187258	Hsap	Human	HBA:4005	SO:0001260	0.32174556213017746
http://purl.obolibrary.org/obo/PCL_0052944	Midi_443	ensembl:ENSG00000143494|ensembl:ENSG00000163273|ensembl:ENSG00000248550|ensembl:ENSG00000256422	Hsap	Human	HBA:4005	SO:0001260	0.34463894967177244
http://purl.obolibrary.org/obo/PCL_0052945	Midi_444	ensembl:ENSG00000075223|ensembl:ENSG00000143858|ensembl:ENSG00000152527|ensembl:ENSG00000248550|ensembl:ENSG00000256422	Hsap	Human	HBA:4005	SO:0001260	0.3513681592039802
http://purl.obolibrary.org/obo/PCL_0052946	Thex_445	ensembl:ENSG00000091436|ensembl:ENSG00000183960|ensembl:ENSG00000271945	Hsap	Human	HBA:4005	SO:0001260	0.6366459627329193
http://purl.obolibrary.org/obo/PCL_0052947	Thex_446	ensembl:ENSG00000214866|ensembl:ENSG00000271945	Hsap	Human	HBA:4005	SO:0001260	0.6045611015490534
http://purl.obolibrary.org/obo/PCL_0052948	Thex_447	ensembl:ENSG00000148488|ensembl:ENSG00000163513|ensembl:ENSG00000183960|ensembl:ENSG00000236532	Hsap	Human	HBA:4005	SO:0001260	0.43750000000000006
http://purl.obolibrary.org/obo/PCL_0052949	Thex_448	ensembl:ENSG00000006468|ensembl:ENSG00000104419	Hsap	Human	HBA:4005	SO:0001260	0.44318181818181823
http://purl.obolibrary.org/obo/PCL_0052950	Thex_449	ensembl:ENSG00000118729|ensembl:ENSG00000133636|ensembl:ENSG00000136160	Hsap	Human	HBA:4005	SO:0001260	0.3035287081339713
http://purl.obolibrary.org/obo/PCL_0052951	Thex_450	ensembl:ENSG00000118729|ensembl:ENSG00000151388|ensembl:ENSG00000237844	Hsap	Human	HBA:4005	SO:0001260	0.6126644736842105
http://purl.obolibrary.org/obo/PCL_0052952	Thex_451	ensembl:ENSG00000118729|ensembl:ENSG00000150637|ensembl:ENSG00000237844	Hsap	Human	HBA:4005	SO:0001260	0.4761904761904762
http://purl.obolibrary.org/obo/PCL_0052953	Thex_452	ensembl:ENSG00000078596|ensembl:ENSG00000100362|ensembl:ENSG00000172987	Hsap	Human	HBA:4005	SO:0001260	0.5675487465181058
http://purl.obolibrary.org/obo/PCL_0052954	Thex_453	ensembl:ENSG00000143333|ensembl:ENSG00000164326|ensembl:ENSG00000168081	Hsap	Human	HBA:4005	SO:0001260	0.5782312925170068
http://purl.obolibrary.org/obo/PCL_0052955	Thex_454	ensembl:ENSG00000163377|ensembl:ENSG00000286153	Hsap	Human	HBA:4005	SO:0001260	0.5189530685920578
http://purl.obolibrary.org/obo/PCL_0052956	Thex_455	ensembl:ENSG00000170820|ensembl:ENSG00000253819	Hsap	Human	HBA:4005	SO:0001260	0.6350053361792957
http://purl.obolibrary.org/obo/PCL_0052957	Thex_456	ensembl:ENSG00000148488|ensembl:ENSG00000148737|ensembl:ENSG00000153162|ensembl:ENSG00000258859	Hsap	Human	HBA:4005	SO:0001260	0.6485507246376813
http://purl.obolibrary.org/obo/PCL_0052958	Thex_457	ensembl:ENSG00000143340|ensembl:ENSG00000230426	Hsap	Human	HBA:4005	SO:0001260	0.6696428571428572
http://purl.obolibrary.org/obo/PCL_0052959	Thex_458	ensembl:ENSG00000133636|ensembl:ENSG00000143333|ensembl:ENSG00000228262	Hsap	Human	HBA:4005	SO:0001260	0.5993690851735015
http://purl.obolibrary.org/obo/PCL_0052960	Thex_459	ensembl:ENSG00000005059|ensembl:ENSG00000184564|ensembl:ENSG00000187147	Hsap	Human	HBA:4005	SO:0001260	0.44251824817518254
http://purl.obolibrary.org/obo/PCL_0052961	Thex_460	ensembl:ENSG00000176399|ensembl:ENSG00000234840	Hsap	Human	HBA:4005	SO:0001260	0.6226053639846743
